Workbook

Sheet kol_master
A1: Name | B1: KOL_ID | C1: Area | D1: Country | E1: Lat | F1: Lon | G1: Location | H1: Notion Link
A2: Dr. Robert Jung | B2: 101001 | C2: Europe | D2: UK | E2: 55.378051 | F2: -3.435973 | G2: Europe - 20
A3: Dr. Filip Rebelo | B3: 102001 | C3: Europe | D3: Sweden
A4: Dr. Alexandre Richard | B4: 103001 | C4: Europe | D4: France | E4: 48.857548 | F4: 2.3513765 | G4: Europe - 20
A5: Dr. Gary Finelle | B5: 103002 | C5: Europe | D5: France | E5: 48.857299 | F5: 2.3011467 | G5: Europe - 20
A6: Dr. Pierre Leclercq | B6: 103003 | C6: Europe | D6: France | E6: 43.403449 | F6: 4.9800614 | G6: Europe - 20
A7: Dr. Emmanuel Bocquet | B7: 103004 | C7: Europe | D7: France | E7: 50.623741 | F7: 3.0395183 | G7: Europe - 20
A8: Dr. Oguz Emeklibas | B8: 104001 | C8: Europe | D8: Germany
A9: Dr. Frank Maier | B9: 104002 | C9: Europe | D9: Germany
A10: Dr. Simon Priess | B10: 104003 | C10: Europe | D10: Germany
A11: Dr. Justinas Pletkus | B11: 105001 | C11: Europe | D11: Lithuania | E11: 55.169438 | F11: 23.881275 | G11: Europe - 20
A12: Dr. Gabriel Musetescu | B12: 106001 | C12: Europe | D12: Romania | E12: 44.426767 | F12: 26.102538 | G12: Europe - 20
A13: Dr. Michalis Diomataris | B13: 107001 | C13: Europe | D13: Greece | E13: 37.982358 | F13: 23.737233 | G13: Europe - 20
A14: Dr. Grzegorz Wasiluk | B14: 108001 | C14: Europe | D14: Poland | E14: 52.229676 | F14: 21.012229 | G14: Europe - 20
A15: Dr. Łukasz Zadrożny | B15: 108003 | C15: Europe | D15: Poland | E15: 52.346917 | F15: 20.899641 | G15: Europe - 20
A16: Dr. Anton Sadovnyshyi | B16: 109001 | C16: Europe | D16: Ukraine
A17: Dr. Yevhenii Sluchevskyi | B17: 109002 | C17: Europe | D17: Ukraine | E17: 50.430371 | F17: 30.47585 | G17: Europe - 20
A18: Dr. Veiko Vengerfeldt | B18: 110001 | C18: Europe | D18: Estonia | E18: 58.372636 | F18: 26.719974 | G18: Europe - 20
A19: Dr. Marco Tallarico | B19: 111001 | C19: Europe | D19: Italy | E19: 41.858696 | F19: 12.440879 | G19: Europe - 20
A20: Dr. Antonino Cacioppo | B20: 111002 | C20: Europe | D20: Italy | E20: 38.130288 | F20: 13.332582 | G20: Europe - 20
A21: Dr. Janghyun Paek | B21: 201001 | C21: APAC | D21: Korea | E21: 37.370175 | F21: 126.6503 | G21: APAC - 9
A22: Dr. Sapaar Bayarmagnai | B22: 202001 | C22: APAC | D22: Mongolia | E22: 47.922051 | F22: 106.9155 | G22: APAC - 9
A23: Dr. Swapnil Pande | B23: 203001 | C23: APAC | D23: India | E23: 19.285637 | F23: 72.869109 | G23: APAC - 9
A24: Dr. Priyam Aditya | B24: 203002 | C24: APAC | D24: India | E24: 28.704059 | F24: 77.10249 | G24: APAC - 9
A25: Dr. Ahmad Al Hassiny | B25: 204001 | C25: APAC | D25: New Zealand
A26: Dr. Manapat Thaveeprungsiporn | B26: 205001 | C26: APAC | D26: Thailand | E26: 13.668794 | F26: 100.63397 | G26: APAC - 9
A27: Dr. Sardor Mirakhmedov | B27: 206001 | C27: APAC | D27: Uzbekistan | E27: 41.332147 | F27: 69.331626 | G27: APAC - 9
A28: Dr. Sameh Shaaban | B28: 301001 | C28: MEA | D28: Egypt | E28: 30.04442 | F28: 31.235712 | G28: MEA - 5
A29: Dr. Amr Elkhadem | B29: 301002 | C29: MEA | D29: Egypt | E29: 30.03629 | F29: 31.475829 | G29: MEA - 5
A30: Dr. Mohamed Elashry | B30: 301003 | C30: MEA | D30: Egypt | E30: 31.200092 | F30: 29.918739 | G30: MEA - 5
A31: Dr. Kenneth Lee
A32: Dr. Derek Mahonny
A33: Dr. Arass Jalal Noori
A34: Dr. Rekar Ismail
A35: Dr. Derek Mahonny
A36: Dr. Ahmad Al-Hassiny | E36: -41.292381 | F36: 174.77875 | G36: APAC - 9

Sheet contract_tasks
A1: Name | B1: KOL_ID | C1: Contract_Start | D1: Contract_End | E1: Task | F1: Times | G1: Target_Count
A2: Dr. Robert Jung | B2: 101001 | C2: 45758 | D2: 46022 | E2: Lecture | F2: per quarter | G2: 4
A3: Dr. Robert Jung | B3: 101001 | C3: 45758 | D3: 46022 | E3: Testimonial | F3: per quarter | G3: 1
A4: Dr. Robert Jung | B4: 101001 | C4: 45758 | D4: 46022 | E4: SNS Posting | F4: per quarter | G4: 1
A5: Dr. Robert Jung | B5: 101001 | C5: 45758 | D5: 46022 | E5: Case Report | F5: per quarter | G5: 1
A6: Dr. Robert Jung | B6: 101001 | C6: 45758 | D6: 46022 | E6: R&D Feedback | F6: per quarter | G6: 1
A7: Dr. Robert Jung | B7: 101001 | C7: 45758 | D7: 46022 | E7: Webinar | F7: per quarter | G7: 1
A8: Dr. Robert Jung | B8: 101001 | C8: 45758 | D8: 46022 | E8: Article | F8: per quarter | G8: 1
A9: Dr. Filip Rebelo | B9: 102001 | C9: 45757 | D9: 46022 | E9: Lecture | F9: per quarter | G9: 4
A10: Dr. Filip Rebelo | B10: 102001 | C10: 45757 | D10: 46022 | E10: Testimonial | F10: per quarter | G10: 1
A11: Dr. Filip Rebelo | B11: 102001 | C11: 45757 | D11: 46022 | E11: SNS Posting | F11: per quarter | G11: 1
A12: Dr. Filip Rebelo | B12: 102001 | C12: 45757 | D12: 46022 | E12: Case Report | F12: per quarter | G12: 1
A13: Dr. Filip Rebelo | B13: 102001 | C13: 45757 | D13: 46022 | E13: R&D Feedback | F13: per quarter | G13: 1
... A36: Dr. Oguz Emeklibas | B36: 104001 | C36: 45839 | D36: 46204 | E36: Article | F36: per year | G36: 1
A37: Dr. Justinas Pletkus | B37: 105001 | E37: Lecture | F37: per year | G37: 4
A38: Dr. Justinas Pletkus | B38: 105001 | E38: Testimonial | F38: per year | G38: 1
A39: Dr. Justinas Pletkus | B39: 105001 | E39: SNS Posting | F39: per year | G39: 1
A40: Dr. Justinas Pletkus | B40: 105001 | E40: Case Report | F40: per year | G40: 1
A41: Dr. Justinas Pletkus | B41: 105001 | E41: R&D Feedback | F41: per year | G41: 1
A42: Dr. Justinas Pletkus | B42: 105001 | E42: Webinar | F42: per year | G42: 1
A43: Dr. Justinas Pletkus | B43: 105001 | E43: Article | F43: per year | G43: 1
A44: Dr. Gabriel Musetescu | B44: 106001 | C44: 45778 | D44: 46022 | E44: Lecture | F44: per year | G44: 4
A45: Dr. Gabriel Musetescu | B45: 106001 | C45: 45778 | D45: 46022 | E45: Testimonial | F45: per year | G45: 1
A46: Dr. Gabriel Musetescu | B46: 106001 | C46: 45778 | D46: 46022 | E46: SNS Posting | F46: per year | G46: 1
A47: Dr. Gabriel Musetescu | B47: 106001 | C47: 45778 | D47: 46022 | E47: Case Report | F47: per year | G47: 1
A48: Dr. Gabriel Musetescu | B48: 106001 | C48: 45778 | D48: 46022 | E48: R&D Feedback | F48: per year | G48: 1
A49: Dr. Gabriel Musetescu | B49: 106001 | C49: 45778 | D49: 46022 | E49: Webinar | F49: per year | G49: 1
A50: Dr. Gabriel Musetescu | B50: 106001 | C50: 45778 | D50: 46022 | E50: Article | F50: per year | G50: 1
A51: Dr. Michalis Diomataris | B51: 107001 | C51: 45839 | D51: 46204 | E51: Lecture | F51: per year | G51: 5
A52: Dr. Michalis Diomataris | B52: 107001 | C52: 45839 | D52: 46204 | E52: Testimonial | F52: per year | G52: 1
A53: Dr. Michalis Diomataris | B53: 107001 | C53: 45839 | D53: 46204 | E53: SNS Posting | F53: per year | G53: 1
A54: Dr. Michalis Diomataris | B54: 107001 | C54: 45839 | D54: 46204 | E54: Case Report | F54: per year | G54: 1
A55: Dr. Michalis Diomataris | B55: 107001 | C55: 45839 | D55: 46204 | E55: R&D Feedback | F55: per year | G55: 1
... A57: Dr. Michalis Diomataris | B57: 107001 | C57: 45839 | D57: 46204 | E57: Article | F57: per year | G57: 1
A58: Dr. Grzegorz Wasiluk | B58: 108001 | E58: Lecture | F58: per year | G58: 4
A59: Dr. Grzegorz Wasiluk | B59: 108001 | E59: Testimonial | F59: per year | G59: 1
A60: Dr. Grzegorz Wasiluk | B60: 108001 | E60: SNS Posting | F60: per year | G60: 1
A61: Dr. Grzegorz Wasiluk | B61: 108001 | E61: Case Report | F61: per year | G61: 1
A62: Dr. Grzegorz Wasiluk | B62: 108001 | E62: R&D Feedback | F62: per year | G62: 1
A63: Dr. Grzegorz Wasiluk | B63: 108001 | E63: Webinar | F63: per year | G63: 1
A64: Dr. Grzegorz Wasiluk | B64: 108001 | E64: Article | F64: per year | G64: 1
A65: Dr. Łukasz Zadrożny | B65: 108003 | C65: 45816 | D65: 46022 | E65: Lecture | F65: per quarter | G65: 4
A66: Dr. Łukasz Zadrożny | B66: 108003 | C66: 45816 | D66: 46022 | E66: Testimonial | F66: per quarter | G66: 1
A67: Dr. Łukasz Zadrożny | B67: 108003 | C67: 45816 | D67: 46022 | E67: SNS Posting | F67: per quarter | G67: 1
A68: Dr. Łukasz Zadrożny | B68: 108003 | C68: 45816 | D68: 46022 | E68: Case Report | F68: per quarter | G68: 1
A69: Dr. Łukasz Zadrożny | B69: 108003 | C69: 45816 | D69: 46022 | E69: R&D Feedback | F69: per quarter | G69: 1
A70: Dr. Łukasz Zadrożny | B70: 108003 | C70: 45816 | D70: 46022 | E70: Webinar | F70: per quarter | G70: 1
A71: Dr. Łukasz Zadrożny | B71: 108003 | C71: 45816 | D71: 46022 | E71: Article | F71: per quarter | G71: 1
A72: Dr. Anton Sadovnyshyi | B72: 109001 | C72: 45852 | D72: 46216 | E72: Lecture | F72: per quarter | G72: 4
A73: Dr. Anton Sadovnyshyi | B73: 109001 | C73: 45852 | D73: 46216 | E73: Testimonial | F73: per quarter | G73: 1
A74: Dr. Anton Sadovnyshyi | B74: 109001 | C74: 45852 | D74: 46216 | E74: SNS Posting | F74: per quarter | G74: 1
A75: Dr. Anton Sadovnyshyi | B75: 109001 | C75: 45852 | D75: 46216 | E75: Case Report | F75: per quarter | G75: 1
A76: Dr. Anton Sadovnyshyi | B76: 109001 | C76: 45852 | D76: 46216 | E76: R&D Feedback | F76: per quarter | G76: 1
... A148: Dr. Mohamed Elashry | B148: 301003 | C148: 45764 | D148: 46022 | E148: Article | F148: biyear | G148: 1

Sheet activity_log
A1: Name | B1: KOL_ID | C1: Date | D1: Contract_End | E1: Task | F1: Activity | G1: Source(Planned/TBD) | H1: Status(Planned/On Progress/Done) | I1: Delayed | J1: Notes
A2: Dr. Alexandre Richard | B2: 103001 | C2: 46020 | D2: =VLOOKUP($B2,contract_tasks!$B$2:$D$148,3,0) -> 46022 | E2: Case Report | F2: case report | G2: TBD | H2: Planned | I2: =IF(H2="Done", "", IF(TODAY() >= EDATE(D2, -1), IF(TODAY() > C2, "Delayed", "Warning"), ""))
A3: Dr. Pierre Leclercq | B3: 103003 | C3: 46020 | D3: 46022 | E3: Case Report | F3: case report | G3: TBD | H3: Planned | I3: =IF(H3="Done", "", IF(TODAY() >= EDATE(D3, -1), IF(TODAY() > C3, "Delayed", "Warning"), ""))
A4: Dr. Emmanuel Bocquet | B4: 103004 | C4: 46020 | D4: =VLOOKUP($B4,contract_tasks!$B$2:$D$148,3,0) -> 46022 | E4: Case Report | F4: case report | G4: TBD | H4: Planned | I4: =IF(H4="Done", "", IF(TODAY() >= EDATE(D4, -1), IF(TODAY() > C4, "Delayed", "Warning"), ""))
A5: Dr. Veiko Vengerfeldt | B5: 110001 | C5: 46020 | D5: 46022 | E5: Case Report | F5: case report | G5: TBD | H5: Planned | I5: =IF(H5="Done", "", IF(TODAY() >= EDATE(D5, -1), IF(TODAY() > C5, "Delayed", "Warning"), ""))
A6: Dr. Sameh Shaaban | B6: 301001 | C6: 46020 | D6: =VLOOKUP($B6,contract_tasks!$B$2:$D$148,3,0) -> 46022 | E6: Case Report | F6: case report | G6: TBD | H6: Planned | I6: =IF(H6="Done", "", IF(TODAY() >= EDATE(D6, -1), IF(TODAY() > C6, "Delayed", "Warning"), ""))
A7: Dr. Derek Mahonny | C7: 46020 | D7: 46022 | E7: Case Report | F7: case report | G7: TBD | H7: Planned | I7: =IF(H7="Done", "", IF(TODAY() >= EDATE(D7, -1), IF(TODAY() > C7, "Delayed", "Warning"), ""))
A8: Dr. Derek Mahonny | C8: 46020 | D8: 46022 | E8: Case Report | F8: case report | G8: TBD | H8: Planned | I8: =IF(H8="Done", "", IF(TODAY() >= EDATE(D8, -1), IF(TODAY() > C8, "Delayed", "Warning"), ""))
A9: Dr. Alexandre Richard | B9: 103001 | C9: 46000 | D9: =VLOOKUP($B9,contract_tasks!$B$2:$D$148,3,0) -> 46022 | E9: Lecture | F9: Lecture | G9: Planned | H9: Planned | I9: =IF(H9="Done", "", IF(TODAY() >= EDATE(D9, -1), IF(TODAY() > C9, "Delayed", "Warning"), ""))
A10: Dr. Alexandre Richard | B10: 103001 | C10: 45990 | D10: =VLOOKUP($B10,contract_tasks!$B$2:$D$148,3,0) -> 46022 | E10: Lecture | F10: Lecture | G10: TBD | H10: On Progress | I10: =IF(H10="Done", "", IF(TODAY() >= EDATE(D10, -1), IF(TODAY() > C10, "Delayed", "Warning"), ""))
A11: Dr. Gary Finelle | B11: 103002 | C11: 45990 | D11: 45991 | E11: Lecture | F11: Lecture | G11: TBD | H11: On Progress | I11: =IF(H11="Done", "", IF(TODAY() >= EDATE(D11, -1), IF(TODAY() > C11, "Delayed", "Warning"), "")) -> Warning
A12: Dr. Pierre Leclercq | B12: 103003 | C12: 45990 | D12: 45991 | E12: Lecture | F12: Lecture | G12: TBD | H12: On Progress | I12: =IF(H12="Done", "", IF(TODAY() >= EDATE(D12, -1), IF(TODAY() > C12, "Delayed", "Warning"), "")) -> Warning
A13: Dr. Emmanuel Bocquet | B13: 103004 | C13: 45990 | D13: =VLOOKUP($B13,contract_tasks!$B$2:$D$148,3,0) -> 46022 | E13: Lecture | F13: Lecture | G13: TBD | H13: On Progress | I13: =IF(H13="Done", "", IF(TODAY() >= EDATE(D13, -1), IF(TODAY() > C13, "Delayed", "Warning"), ""))
A14: Dr. Oguz Emeklibas | B14: 104001 | C14: 45983 | D14: =VLOOKUP($B14,contract_tasks!$B$2:$D$148,3,0) -> 46204 | E14: Lecture | F14: Lecture | G14: TBD | H14: On Progress | I14: =IF(H14="Done", "", IF(TODAY() >= EDATE(D14, -1), IF(TODAY() > C14, "Delayed", "Warning"), ""))
A15: Dr. Łukasz Zadrożny | B15: 108003 | C15: 45983 | D15: =VLOOKUP($B15,contract_tasks!$B$2:$D$148,3,0) -> 46022 | E15: Lecture | F15: Lecture | G15: TBD | H15: On Progress | I15: =IF(H15="Done", "", IF(TODAY() >= EDATE(D15, -1), IF(TODAY() > C15, "Delayed", "Warning"), ""))
A16: Dr. Ahmad Al Hassiny | B16: 204001 | C16: 45976 | D16: =VLOOKUP($B16,contract_tasks!$B$2:$D$148,3,0) -> 46231 | E16: SNS Posting | F16: ContentsCreation | G16: TBD | H16: On Progress | I16: =IF(H16="Done", "", IF(TODAY() >= EDATE(D16, -1), IF(TODAY() > C16, "Delayed", "Warning"), ""))
A17: Dr. Emmanuel Bocquet | B17: 103004 | C17: 45975 | D17: =VLOOKUP($B17,contract_tasks!$B$2:$D$148,3,0) -> 46022 | E17: Lecture | F17: Lecture | G17: Planned | H17: Planned | I17: =IF(H17="Done", "", IF(TODAY() >= EDATE(D17, -1), IF(TODAY() > C17, "Delayed", "Warning"), "")) | J17: ADF 2025
A18: Dr. Emmanuel Bocquet | B18: 103004 | C18: 45962 | D18: =VLOOKUP($B18,contract_tasks!$B$2:$D$148,3,0) -> 46022 | E18: Lecture | F18: Lecture | G18: Planned | H18: Planned | I18: =IF(H18="Done", "", IF(TODAY() >= EDATE(D18, -1), IF(TODAY() > C18, "Delayed", "Warning"), ""))
A19: Dr. Ahmad Al Hassiny | B19: 204001 | C19: 45962 | D19: =VLOOKUP($B19,contract_tasks!$B$2:$D$148,3,0) -> 46231 | E19: SNS Posting | F19: ContentsCreation | G19: TBD | H19: On Progress | I19: =IF(H19="Done", "", IF(TODAY() >= EDATE(D19, -1), IF(TODAY() > C19, "Delayed", "Warning"), ""))
A20: Dr. Antonino Cacioppo | B20: 111002 | C20: 45959 | D20: 45991 | E20: SNS Posting | F20: ContentsCreation | G20: TBD | H20: On Progress | I20: =IF(H20="Done", "", IF(TODAY() >= EDATE(D20, -1), IF(TODAY() > C20, "Delayed", "Warning"), "")) -> Delayed
A21: Dr. Oguz Emeklibas | B21: 104001 | C21: 45955 | D21: =VLOOKUP($B21,contract_tasks!$B$2:$D$148,3,0) -> 46204 | E21: Lecture | F21: Lecture | G21: Planned | H21: Planned | I21: =IF(H21="Done", "", IF(TODAY() >= EDATE(D21, -1), IF(TODAY() > C21, "Delayed", "Warning"), "")) | J21: Vanest Launching Show
A22: Dr. Robert Jung | B22: 101001 | C22: 45952 | D22: =VLOOKUP($B22,contract_tasks!$B$2:$D$148,3,0) -> 46022 | E22: Lecture | F22: Lecture | G22: TBD | H22: Done | I22: =IF(H22="Done", "", IF(TODAY() >= EDATE(D22, -1), IF(TODAY() > C22, "Delayed", "Warning"), ""))
A23: Dr. Oguz Emeklibas | B23: 104001 | C23: 45952 | D23: =VLOOKUP($B23,contract_tasks!$B$2:$D$148,3,0) -> 46204 | E23: Lecture | F23: Lecture | G23: TBD | H23: Done | I23: =IF(H23="Done", "", IF(TODAY() >= EDATE(D23, -1), IF(TODAY() > C23, "Delayed", "Warning"), ""))
A24: Dr. Simon Priess | B24: 104003 | C24: 45952 | D24: 45991 | E24: SNS Posting | F24: ContentsCreation | G24: TBD | H24: On Progress | I24: =IF(H24="Done", "", IF(TODAY() >= EDATE(D24, -1), IF(TODAY() > C24, "Delayed", "Warning"), "")) -> Delayed
A25: Dr. Ahmad Al Hassiny | B25: 204001 | C25: 45952 | D25: =VLOOKUP($B25,contract_tasks!$B$2:$D$148,3,0) -> 46231 | E25: SNS Posting | F25: ContentsCreation | G25: TBD | H25: Done | I25: =IF(H25="Done", "", IF(TODAY() >= EDATE(D25, -1), IF(TODAY() > C25, "Delayed", "Warning"), ""))
A26: Dr. Amr Elkhadem | B26: 301002 | C26: 45952 | D26: =VLOOKUP($B26,contract_tasks!$B$2:$D$148,3,0) -> 46022 | E26: Lecture | F26: Lecture | G26: TBD | H26: Done | I26: =IF(H26="Done", "", IF(TODAY() >= EDATE(D26, -1), IF(TODAY() > C26, "Delayed", "Warning"), ""))
A27: Dr. Grzegorz Wasiluk | B27: 108001 | C27: 45949 | D27: 45991 | E27: Testimonial | F27: Testimonial | G27: Planned | H27: Planned | I27: =IF(H27="Done", "", IF(TODAY() >= EDATE(D27, -1), IF(TODAY() > C27, "Delayed", "Warning"), "")) -> Delayed
A28: Dr. Sameh Shaaban | B28: 301001 | C28: 45949 | D28: =VLOOKUP($B28,contract_tasks!$B$2:$D$148,3,0) -> 46022 | E28: Testimonial | F28: Testimonial | G28: Planned | H28: Planned | I28: =IF(H28="Done", "", IF(TODAY() >= EDATE(D28, -1), IF(TODAY() > C28, "Delayed", "Warning"), ""))
A29: Dr. Łukasz Zadrożny | B29: 108003 | C29: 45945 | D29: =VLOOKUP($B29,contract_tasks!$B$2:$D$148,3,0) -> 46022 | E29: Lecture | F29: Lecture | G29: TBD | H29: Done | I29: =IF(H29="Done", "", IF(TODAY() >= EDATE(D29, -1), IF(TODAY() > C29, "Delayed", "Warning"), ""))
A30: Dr. Sapaar Bayarmagnai | B30: 202001 | C30: 45945 | D30: =VLOOKUP($B30,contract_tasks!$B$2:$D$148,3,0) -> 46022 | E30: Lecture | F30: Lecture | G30: TBD | H30: Done | I30: =IF(H30="Done", "", IF(TODAY() >= EDATE(D30, -1), IF(TODAY() > C30, "Delayed", "Warning"), ""))
A31: Dr. Amr Elkhadem | B31: 301002 | C31: 45945 | D31: =VLOOKUP($B31,contract_tasks!$B$2:$D$148,3,0) -> 46022 | E31: Article | F31: Clinical Paper | G31: TBD | H31: Done | I31: =IF(H31="Done", "", IF(TODAY() >= EDATE(D31, -1), IF(TODAY() > C31, "Delayed", "Warning"), ""))
A32: Dr. Anton Sadovnyshyi | B32: 109001 | C32: 45938 | D32: =VLOOKUP($B32,contract_tasks!$B$2:$D$148,3,0) -> 46216 | E32: Lecture | F32: Lecture | G32: TBD | H32: Done | I32: =IF(H32="Done", "", IF(TODAY() >= EDATE(D32, -1), IF(TODAY() > C32, "Delayed", "Warning"), ""))
A33: Dr. Yevhenii Sluchevskyi | B33: 109002 | C33: 45938 | D33: =VLOOKUP($B33,contract_tasks!$B$2:$D$148,3,0) -> 46216 | E33: Lecture | F33: Lecture | G33: TBD | H33: Done | I33: =IF(H33="Done", "", IF(TODAY() >= EDATE(D33, -1), IF(TODAY() > C33, "Delayed", "Warning"), ""))
A34: Dr. Veiko Vengerfeldt | B34: 110001 | C34: 45938 | D34: 45991 | E34: Lecture | F34: Lecture | G34: TBD | H34: On Progress | I34: =IF(H34="Done", "", IF(TODAY() >= EDATE(D34, -1), IF(TODAY() > C34, "Delayed", "Warning"), "")) -> Delayed
A35: Dr. Marco Tallarico | B35: 111001 | C35: 45938 | D35: =VLOOKUP($B35,contract_tasks!$B$2:$D$148,3,0) -> 46088 | E35: Lecture | F35: Lecture | G35: TBD | H35: Done | I35: =IF(H35="Done", "", IF(TODAY() >= EDATE(D35, -1), IF(TODAY() > C35, "Delayed", "Warning"), ""))
A36: Dr. Ahmad Al Hassiny | B36: 204001 | C36: 45938 | D36: =VLOOKUP($B36,contract_tasks!$B$2:$D$148,3,0) -> 46231 | E36: SNS Posting | F36: ContentsCreation | G36: TBD | H36: Done | I36: =IF(H36="Done", "", IF(TODAY() >= EDATE(D36, -1), IF(TODAY() > C36, "Delayed", "Warning"), ""))
A37: Dr. Sardor Mirakhmedov | B37: 206001 | C37: 45938 | D37: =VLOOKUP($B37,contract_tasks!$B$2:$D$148,3,0) -> 46247 | E37: SNS Posting | F37: ContentsCreation | G37: TBD | H37: Done | I37: =IF(H37="Done", "", IF(TODAY() >= EDATE(D37, -1), IF(TODAY() > C37, "Delayed", "Warning"), ""))
A38: Dr. Justinas Pletkus | B38: 105001 | C38: 45931 | D38: 45991 | E38: Other | G38: Planned | H38: Planned | I38: =IF(H38="Done", "", IF(TODAY() >= EDATE(D38, -1), IF(TODAY() > C38, "Delayed", "Warning"), "")) -> Delayed
A39: Dr. Łukasz Zadrożny | B39: 108003 | C39: 45931 | D39: =VLOOKUP($B39,contract_tasks!$B$2:$D$148,3,0) -> 46022 | E39: Other | G39: Planned | H39: Planned | I39: =IF(H39="Done", "", IF(TODAY() >= EDATE(D39, -1), IF(TODAY() > C39, "Delayed", "Warning"), ""))
A40: Dr. Anton Sadovnyshyi | B40: 109001 | C40: 45931 | D40: =VLOOKUP($B40,contract_tasks!$B$2:$D$148,3,0) -> 46216 | E40: R&D Feedback | F40: i900MTest | G40: TBD | H40: Done | I40: =IF(H40="Done", "", IF(TODAY() >= EDATE(D40, -1), IF(TODAY() > C40, "Delayed", "Warning"), ""))
A41: Dr. Yevhenii Sluchevskyi | B41: 109002 | C41: 45931 | D41: =VLOOKUP($B41,contract_tasks!$B$2:$D$148,3,0) -> 46216 | E41: R&D Feedback | F41: i900MTest | G41: TBD | H41: Done | I41: =IF(H41="Done", "", IF(TODAY() >= EDATE(D41, -1), IF(TODAY() > C41, "Delayed", "Warning"), ""))
A42: Dr. Marco Tallarico | B42: 111001 | C42: 45931 | D42: =VLOOKUP($B42,contract_tasks!$B$2:$D$148,3,0) -> 46088 | E42: Other | G42: Planned | H42: Planned | I42: =IF(H42="Done", "", IF(TODAY() >= EDATE(D42, -1), IF(TODAY() > C42, "Delayed", "Warning"), ""))
A43: Dr. Ahmad Al Hassiny | B43: 204001 | C43: 45931 | D43: =VLOOKUP($B43,contract_tasks!$B$2:$D$148,3,0) -> 46231 | E43: Other | G43: Planned | H43: Planned | I43: =IF(H43="Done", "", IF(TODAY() >= EDATE(D43, -1), IF(TODAY() > C43, "Delayed", "Warning"), ""))
A44: Dr. Manapat Thaveeprungsiporn | B44: 205001 | C44: 45931 | D44: =VLOOKUP($B44,contract_tasks!$B$2:$D$148,3,0) -> 46203 | E44: Other | G44: Planned | H44: Planned | I44: =IF(H44="Done", "", IF(TODAY() >= EDATE(D44, -1), IF(TODAY() > C44, "Delayed", "Warning"), ""))
A45: Dr. Sardor Mirakhmedov | B45: 206001 | C45: 45931 | D45: =VLOOKUP($B45,contract_tasks!$B$2:$D$148,3,0) -> 46247 | E45: Testimonial | F45: i900c shipment | G45: TBD | H45: Done | I45: =IF(H45="Done", "", IF(TODAY() >= EDATE(D45, -1), IF(TODAY() > C45, "Delayed", "Warning"), ""))
A46: Dr. Gabriel Musetescu | B46: 106001 | C46: 45930 | D46: =VLOOKUP($B46,contract_tasks!$B$2:$D$148,3,0) -> 46022 | E46: SNS Posting | F46: SNS Posting | G46: Planned | H46: Planned | I46: =IF(H46="Done", "", IF(TODAY() >= EDATE(D46, -1), IF(TODAY() > C46, "Delayed", "Warning"), ""))
A47: Dr. Priyam Aditya | B47: 203002 | C47: 45930 | D47: =VLOOKUP($B47,contract_tasks!$B$2:$D$148,3,0) -> 46022 | E47: Lecture | F47: Lecture | G47: Planned | H47: Planned | I47: =IF(H47="Done", "", IF(TODAY() >= EDATE(D47, -1), IF(TODAY() > C47, "Delayed", "Warning"), ""))
A48: Dr. Emmanuel Bocquet | B48: 103004 | C48: 45929 | D48: =VLOOKUP($B48,contract_tasks!$B$2:$D$148,3,0) -> 46022 | E48: SNS Posting | F48: Contents creation | G48: TBD | H48: Done | I48: =IF(H48="Done", "", IF(TODAY() >= EDATE(D48, -1), IF(TODAY() > C48, "Delayed", "Warning"), ""))
A49: Dr. Oguz Emeklibas | B49: 104001 | C49: 45929 | D49: =VLOOKUP($B49,contract_tasks!$B$2:$D$148,3,0) -> 46204 | E49: SNS Posting | F49: Contents creation | G49: TBD | H49: Done | I49: =IF(H49="Done", "", IF(TODAY() >= EDATE(D49, -1), IF(TODAY() > C49, "Delayed", "Warning"), ""))
A50: Dr. Yevhenii Sluchevskyi | B50: 109002 | C50: 45929 | D50: =VLOOKUP($B50,contract_tasks!$B$2:$D$148,3,0) -> 46216 | E50: Lecture | F50: Lecture | G50: TBD | H50: Done | I50: =IF(H50="Done", "", IF(TODAY() >= EDATE(D50, -1), IF(TODAY() > C50, "Delayed", "Warning"), ""))
A51: Dr. Janghyun Paek | B51: 201001 | C51: 45929 | D51: 45991 | E51: R&D Feedback | F51: i900MTest | G51: TBD | H51: On Progress | I51: =IF(H51="Done", "", IF(TODAY() >= EDATE(D51, -1), IF(TODAY() > C51, "Delayed", "Warning"), "")) -> Delayed
A52: Dr. Anton Sadovnyshyi | B52: 109001 | C52: 45922 | D52: =VLOOKUP($B52,contract_tasks!$B$2:$D$148,3,0) -> 46216 | E52: Testimonial | F52: i900M shipment | G52: TBD | H52: Done | I52: =IF(H52="Done", "", IF(TODAY() >= EDATE(D52, -1), IF(TODAY() > C52, "Delayed", "Warning"), ""))
A53: Dr. Yevhenii Sluchevskyi | B53: 109002 | C53: 45922 | D53: =VLOOKUP($B53,contract_tasks!$B$2:$D$148,3,0) -> 46216 | E53: Testimonial | F53: i900M shipment | G53: TBD | H53: Done | I53: =IF(H53="Done", "", IF(TODAY() >= EDATE(D53, -1), IF(TODAY() > C53, "Delayed", "Warning"), ""))
A54: Dr. Manapat Thaveeprungsiporn | B54: 205001 | C54: 45922 | D54: =VLOOKUP($B54,contract_tasks!$B$2:$D$148,3,0) -> 46203 | E54: Lecture | F54: Lecture | G54: TBD | H54: Done | I54: =IF(H54="Done", "", IF(TODAY() >= EDATE(D54, -1), IF(TODAY() > C54, "Delayed", "Warning"), ""))
A55: Dr. Sardor Mirakhmedov | B55: 206001 | C55: 45917 | D55: =VLOOKUP($B55,contract_tasks!$B$2:$D$148,3,0) -> 46247 | E55: Lecture | F55: Lecture | G55: Planned | H55: Planned | I55: =IF(H55="Done", "", IF(TODAY() >= EDATE(D55, -1), IF(TODAY() > C55, "Delayed", "Warning"), ""))
A56: Dr. Robert Jung | B56: 101001 | C56: 45915 | D56: =VLOOKUP($B56,contract_tasks!$B$2:$D$148,3,0) -> 46022 | E56: Testimonial | F56: Auraview Test | G56: TBD | H56: Done | I56: =IF(H56="Done", "", IF(TODAY() >= EDATE(D56, -1), IF(TODAY() > C56, "Delayed", "Warning"), ""))
A57: Dr. Łukasz Zadrożny | B57: 108003 | C57: 45915 | D57: =VLOOKUP($B57,contract_tasks!$B$2:$D$148,3,0) -> 46022 | E57: Lecture | F57: Lecture | G57: TBD | H57: Done | I57: =IF(H57="Done", "", IF(TODAY() >= EDATE(D57, -1), IF(TODAY() > C57, "Delayed", "Warning"), ""))
A58: Dr. Anton Sadovnyshyi | B58: 109001 | C58: 45915 | D58: =VLOOKUP($B58,contract_tasks!$B$2:$D$148,3,0) -> 46216 | E58: SNS Posting | F58: ContentsCreation | G58: TBD | H58: Done | I58: =IF(H58="Done", "", IF(TODAY() >= EDATE(D58, -1), IF(TODAY() > C58, "Delayed", "Warning"), ""))
A59: Dr. Veiko Vengerfeldt | B59: 110001 | C59: 45915 | D59: 45991 | E59: SNS Posting | F59: ContentsCreation | G59: TBD | H59: On Progress | I59: =IF(H59="Done", "", IF(TODAY() >= EDATE(D59, -1), IF(TODAY() > C59, "Delayed", "Warning"), "")) -> Delayed
A60: Dr. Swapnil Pande | B60: 203001 | C60: 45915 | D60: 45991 | E60: Lecture | F60: Lecture | G60: TBD | H60: On Progress | I60: =IF(H60="Done", "", IF(TODAY() >= EDATE(D60, -1), IF(TODAY() > C60, "Delayed", "Warning"), "")) -> Delayed
A61: Dr. Michalis Diomataris | B61: 107001 | C61: 45908 | D61: =VLOOKUP($B61,contract_tasks!$B$2:$D$148,3,0) -> 46204 | E61: Testimonial | F61: Testimonial | G61: TBD | H61: Done | I61: =IF(H61="Done", "", IF(TODAY() >= EDATE(D61, -1), IF(TODAY() > C61, "Delayed", "Warning"), ""))
A62: Dr. Łukasz Zadrożny | B62: 108003 | C62: 45908 | D62: =VLOOKUP($B62,contract_tasks!$B$2:$D$148,3,0) -> 46022 | E62: Testimonial | F62: T710 shipment | G62: TBD | H62: Done | I62: =IF(H62="Done", "", IF(TODAY() >= EDATE(D62, -1), IF(TODAY() > C62, "Delayed", "Warning"), ""))
A63: Dr. Anton Sadovnyshyi | B63: 109001 | C63: 45908 | D63: =VLOOKUP($B63,contract_tasks!$B$2:$D$148,3,0) -> 46216 | E63: SNS Posting | F63: ContentsCreation | G63: TBD | H63: Done | I63: =IF(H63="Done", "", IF(TODAY() >= EDATE(D63, -1), IF(TODAY() > C63, "Delayed", "Warning"), ""))
A64: Dr. Oguz Emeklibas | B64: 104001 | C64: 45901 | D64: =VLOOKUP($B64,contract_tasks!$B$2:$D$148,3,0) -> 46204 | E64: Testimonial | F64: Testimonial | G64: TBD | H64: Done | I64: =IF(H64="Done", "", IF(TODAY() >= EDATE(D64, -1), IF(TODAY() > C64, "Delayed", "Warning"), ""))
A65: Dr. Anton Sadovnyshyi | B65: 109001 | C65: 46031 | D65: =VLOOKUP($B65,contract_tasks!$B$2:$D$148,3,0) -> 46216 | E65: Testimonial | F65: Testimonial | G65: Planned | H65: Planned | I65: =IF(H65="Done", "", IF(TODAY() >= EDATE(D65, -1), IF(TODAY() > C65, "Delayed", "Warning"), ""))
A66: Dr. Ahmad Al Hassiny | B66: 204001 | C66: 45901 | D66: =VLOOKUP($B66,contract_tasks!$B$2:$D$148,3,0) -> 46231 | E66: Article | F66: Article | G66: TBD | H66: Done | I66: =IF(H66="Done", "", IF(TODAY() >= EDATE(D66, -1), IF(TODAY() > C66, "Delayed", "Warning"), ""))
A67: Dr. Robert Jung | B67: 101001 | C67: 45899 | D67: =VLOOKUP($B67,contract_tasks!$B$2:$D$148,3,0) -> 46022 | E67: Lecture | F67: Academy | G67: Planned | H67: Planned | I67: =IF(H67="Done", "", IF(TODAY() >= EDATE(D67, -1), IF(TODAY() > C67, "Delayed", "Warning"), ""))
A68: Dr. Michalis Diomataris | B68: 107001 | C68: 45899 | D68: =VLOOKUP($B68,contract_tasks!$B$2:$D$148,3,0) -> 46204 | E68: Lecture | F68: Lecture | G68: Planned | H68: Planned | I68: =IF(H68="Done", "", IF(TODAY() >= EDATE(D68, -1), IF(TODAY() > C68, "Delayed", "Warning"), ""))
A69: Dr. Yevhenii Sluchevskyi | B69: 109002 | C69: 45899 | D69: =VLOOKUP($B69,contract_tasks!$B$2:$D$148,3,0) -> 46216 | E69: Lecture | F69: Academy | G69: Planned | H69: Planned | I69: =IF(H69="Done", "", IF(TODAY() >= EDATE(D69, -1), IF(TODAY() > C69, "Delayed", "Warning"), ""))
A70: Dr. Filip Rebelo | B70: 102001 | C70: 45898 | D70: =VLOOKUP($B70,contract_tasks!$B$2:$D$148,3,0) -> 46022 | E70: Lecture | F70: Hands-on | G70: Planned | H70: Planned | I70: =IF(H70="Done", "", IF(TODAY() >= EDATE(D70, -1), IF(TODAY() > C70, "Delayed", "Warning"), ""))
A71: Dr. Michalis Diomataris | B71: 107001 | C71: 45898 | D71: =VLOOKUP($B71,contract_tasks!$B$2:$D$148,3,0) -> 46204 | E71: SNS Posting | F71: Contents creation | G71: TBD | H71: Done | I71: =IF(H71="Done", "", IF(TODAY() >= EDATE(D71, -1), IF(TODAY() > C71, "Delayed", "Warning"), ""))
A72: Dr. Veiko Vengerfeldt | B72: 110001 | C72: 45898 | D72: 45991 | E72: Testimonial | F72: i900c shipment | G72: TBD | H72: On Progress | I72: =IF(H72="Done", "", IF(TODAY() >= EDATE(D72, -1), IF(TODAY() > C72, "Delayed", "Warning"), "")) -> Delayed
A73: Dr. Manapat Thaveeprungsiporn | B73: 205001 | C73: 45898 | D73: =VLOOKUP($B73,contract_tasks!$B$2:$D$148,3,0) -> 46203 | E73: Testimonial | F73: i900c shipment | G73: TBD | H73: Done | I73: =IF(H73="Done", "", IF(TODAY() >= EDATE(D73, -1), IF(TODAY() > C73, "Delayed", "Warning"), ""))
A74: Dr. Robert Jung | B74: 101001 | C74: 45891 | D74: =VLOOKUP($B74,contract_tasks!$B$2:$D$148,3,0) -> 46022 | E74: R&D Feedback | F74: i900MTest | G74: TBD | H74: Done | I74: =IF(H74="Done", "", IF(TODAY() >= EDATE(D74, -1), IF(TODAY() > C74, "Delayed", "Warning"), ""))
A75: Dr. Yevhenii Sluchevskyi | B75: 109002 | C75: 45891 | D75: =VLOOKUP($B75,contract_tasks!$B$2:$D$148,3,0) -> 46216 | E75: Lecture | F75: Lecture | G75: TBD | H75: Done | I75: =IF(H75="Done", "", IF(TODAY() >= EDATE(D75, -1), IF(TODAY() > C75, "Delayed", "Warning"), ""))
A76: Dr. Manapat Thaveeprungsiporn | B76: 205001 | C76: 45891 | D76: =VLOOKUP($B76,contract_tasks!$B$2:$D$148,3,0) -> 46203 | E76: SNS Posting | F76: Contents creation | G76: TBD | H76: Done | I76: =IF(H76="Done", "", IF(TODAY() >= EDATE(D76, -1), IF(TODAY() > C76, "Delayed", "Warning"), ""))
A77: Dr. Michalis Diomataris | B77: 107001 | C77: 45884 | D77: =VLOOKUP($B77,contract_tasks!$B$2:$D$148,3,0) -> 46204 | E77: Lecture | F77: Lecture | G77: TBD | H77: Done | I77: =IF(H77="Done", "", IF(TODAY() >= EDATE(D77, -1), IF(TODAY() > C77, "Delayed", "Warning"), ""))
A78: Dr. Ahmad Al Hassiny | B78: 204001 | C78: 45884 | D78: =VLOOKUP($B78,contract_tasks!$B$2:$D$148,3,0) -> 46231 | E78: Lecture | F78: Lecture | G78: TBD | H78: Done | I78: =IF(H78="Done", "", IF(TODAY() >= EDATE(D78, -1), IF(TODAY() > C78, "Delayed", "Warning"), ""))
A79: Dr. Sameh Shaaban | B79: 301001 | C79: 45884 | D79: =VLOOKUP($B79,contract_tasks!$B$2:$D$148,3,0) -> 46022 | E79: Testimonial | F79: Testimonial | G79: TBD | H79: Done | I79: =IF(H79="Done", "", IF(TODAY() >= EDATE(D79, -1), IF(TODAY() > C79, "Delayed", "Warning"), ""))
A80: Dr. Amr Elkhadem | B80: 301002 | C80: 45884 | D80: =VLOOKUP($B80,contract_tasks!$B$2:$D$148,3,0) -> 46022 | E80: Testimonial | F80: Testimonial | G80: TBD | H80: Done | I80: =IF(H80="Done", "", IF(TODAY() >= EDATE(D80, -1), IF(TODAY() > C80, "Delayed", "Warning"), ""))
A81: Dr. Mohamed elashry | B81: 301003 | C81: 45884 | D81: =VLOOKUP($B81,contract_tasks!$B$2:$D$148,3,0) -> 46022 | E81: Testimonial | F81: Testimonial | G81: TBD | H81: Done | I81: =IF(H81="Done", "", IF(TODAY() >= EDATE(D81, -1), IF(TODAY() > C81, "Delayed", "Warning"), ""))
A82: Dr. Oguz Emeklibas | B82: 104001 | C82: 45877 | D82: =VLOOKUP($B82,contract_tasks!$B$2:$D$148,3,0) -> 46204 | E82: R&D Feedback | F82: i900MTest | G82: TBD | H82: Done | I82: =IF(H82="Done", "", IF(TODAY() >= EDATE(D82, -1), IF(TODAY() > C82, "Delayed", "Warning"), ""))
A83: Dr. Michalis Diomataris | B83: 107001 | C83: 45877 | D83: =VLOOKUP($B83,contract_tasks!$B$2:$D$148,3,0) -> 46204 | E83: R&D Feedback | F83: i900MTest | G83: TBD | H83: Done | I83: =IF(H83="Done", "", IF(TODAY() >= EDATE(D83, -1), IF(TODAY() > C83, "Delayed", "Warning"), ""))
A84: Dr. Sameh Shaaban | B84: 301001 | C84: 45877 | D84: =VLOOKUP($B84,contract_tasks!$B$2:$D$148,3,0) -> 46022 | E84: Lecture | F84: Lecture | G84: TBD | H84: Done | I84: =IF(H84="Done", "", IF(TODAY() >= EDATE(D84, -1), IF(TODAY() > C84, "Delayed", "Warning"), ""))
... A98: Dr. Emmanuel Bocquet | B98: 103004 | C98: 45839 | D98: =VLOOKUP($B98,contract_tasks!$B$2:$D$148,3,0) -> 46022 | E98: R&D Feedback | F98: MOS Test | G98: TBD | H98: Done | I98: =IF(H98="Done", "", IF(TODAY() >= EDATE(D98, -1), IF(TODAY() > C98, "Delayed", "Warning"), ""))
A99: Dr. Justinas Pletkus | B99: 105001 | C99: 45837 | D99: 45991 | E99: Testimonial | F99: i900c shipment | G99: TBD | H99: On Progress | I99: =IF(H99="Done", "", IF(TODAY() >= EDATE(D99, -1), IF(TODAY() > C99, "Delayed", "Warning"), "")) -> Delayed
A100: Dr. Gabriel Musetescu | B100: 106001 | C100: 45837 | D100: =VLOOKUP($B100,contract_tasks!$B$2:$D$148,3,0) -> 46022 | E100: Testimonial | F100: i900c shipment | G100: TBD | H100: Done | I100: =IF(H100="Done", "", IF(TODAY() >= EDATE(D100, -1), IF(TODAY() > C100, "Delayed", "Warning"), ""))
A101: Dr. Priyam Aditya | B101: 203002 | C101: 45806 | D101: =VLOOKUP($B101,contract_tasks!$B$2:$D$148,3,0) -> 46022 | E101: Lecture | F101: Lecture | G101: TBD | H101: Done | I101: =IF(H101="Done", "", IF(TODAY() >= EDATE(D101, -1), IF(TODAY() > C101, "Delayed", "Warning"), ""))
A102: Dr. Sameh Shaaban | B102: 301001 | C102: 45806 | D102: =VLOOKUP($B102,contract_tasks!$B$2:$D$148,3,0) -> 46022 | E102: Lecture | F102: Lecture | G102: TBD | H102: Done | I102: =IF(H102="Done", "", IF(TODAY() >= EDATE(D102, -1), IF(TODAY() > C102, "Delayed", "Warning"), ""))
A103: Dr. Mohamed elashry | B103: 301003 | C103: 45806 | D103: =VLOOKUP($B103,contract_tasks!$B$2:$D$148,3,0) -> 46022 | E103: Article | F103: Clinical Paper | G103: TBD | H103: Done | I103: =IF(H103="Done", "", IF(TODAY() >= EDATE(D103, -1), IF(TODAY() > C103, "Delayed", "Warning"), ""))
A104: Dr. Filip Rebelo | B104: 102001 | C104: 45799 | D104: =VLOOKUP($B104,contract_tasks!$B$2:$D$148,3,0) -> 46022 | E104: Lecture | F104: Lecture | G104: TBD | H104: Done | I104: =IF(H104="Done", "", IF(TODAY() >= EDATE(D104, -1), IF(TODAY() > C104, "Delayed", "Warning"), ""))
A105: Dr. Alexandre Richard | B105: 103001 | C105: 45799 | D105: =VLOOKUP($B105,contract_tasks!$B$2:$D$148,3,0) -> 46022 | E105: Testimonial | F105: i900 shipment | G105: TBD | H105: Done | I105: =IF(H105="Done", "", IF(TODAY() >= EDATE(D105, -1), IF(TODAY() > C105, "Delayed", "Warning"), ""))
A106: Dr. Robert Jung | B106: 101001 | C106: 45792 | D106: =VLOOKUP($B106,contract_tasks!$B$2:$D$148,3,0) -> 46022 | E106: Lecture | F106: Lecture | G106: TBD | H106: Done | I106: =IF(H106="Done", "", IF(TODAY() >= EDATE(D106, -1), IF(TODAY() > C106, "Delayed", "Warning"), ""))
A107: Dr. Oguz Emeklibas | B107: 104001 | C107: 45785 | D107: =VLOOKUP($B107,contract_tasks!$B$2:$D$148,3,0) -> 46204 | E107: Article | F107: Article | G107: TBD | H107: Done | I107: =IF(H107="Done", "", IF(TODAY() >= EDATE(D107, -1), IF(TODAY() > C107, "Delayed", "Warning"), ""))
A108: Dr. Gabriel Musetescu | B108: 106001 | C108: 45785 | D108: =VLOOKUP($B108,contract_tasks!$B$2:$D$148,3,0) -> 46022 | E108: Lecture | F108: Lecture | G108: TBD | H108: Done | I108: =IF(H108="Done", "", IF(TODAY() >= EDATE(D108, -1), IF(TODAY() > C108, "Delayed", "Warning"), ""))
A109: Dr. Filip Rebelo | B109: 102001 | C109: 45778 | D109: =VLOOKUP($B109,contract_tasks!$B$2:$D$148,3,0) -> 46022 | E109: SNS Posting | F109: Contents creation | G109: TBD | H109: Done | I109: =IF(H109="Done", "", IF(TODAY() >= EDATE(D109, -1), IF(TODAY() > C109, "Delayed", "Warning"), ""))
A110: Dr. Oguz Emeklibas | B110: 104001 | C110: 45778 | D110: =VLOOKUP($B110,contract_tasks!$B$2:$D$148,3,0) -> 46204 | E110: Lecture | F110: Lecture | G110: TBD | H110: Done | I110: =IF(H110="Done", "", IF(TODAY() >= EDATE(D110, -1), IF(TODAY() > C110, "Delayed", "Warning"), ""))
A111: Dr. Sameh Shaaban | B111: 301001 | C111: 45776 | D111: =VLOOKUP($B111,contract_tasks!$B$2:$D$148,3,0) -> 46022 | E111: Testimonial | F111: i900c shipment | G111: TBD | H111: Done | I111: =IF(H111="Done", "", IF(TODAY() >= EDATE(D111, -1), IF(TODAY() > C111, "Delayed", "Warning"), ""))
... A122: Dr. Łukasz Zadrożny | B122: 108003 | C122: 45738 | D122: =VLOOKUP($B122,contract_tasks!$B$2:$D$148,3,0) -> 46022 | E122: Case Report | F122: case report | G122: TBD | H122: Done | I122: =IF(H122="Done", "", IF(TODAY() >= EDATE(D122, -1), IF(TODAY() > C122, "Delayed", "Warning"), ""))
A123: Dr. Antonino Cacioppo | B123: 111002 | C123: 45731 | D123: 45991 | E123: Case Report | F123: case report | G123: TBD | H123: On Progress | I123: =IF(H123="Done", "", IF(TODAY() >= EDATE(D123, -1), IF(TODAY() > C123, "Delayed", "Warning"), "")) -> Delayed
...
